0;0;0;0;0;0;0;0;0;0;0;0;0;0;0;0;0;0;0;0
0;0;0;0;0;0;M274;M260;0;0;0;M207;0;0;0;0;0;0;0;0
0;0;0;0;0;0;M273;M259;M246;M234;M221;M206;0;0;0;0;0;0;0;0
0;0;0;0;0;0;M272;M258;M245;M233;M220;M205;0;0;0;0;0;0;0;0
0;0;0;0;0;0;M271;M257;M244;M232;M219;M204;0;0;0;0;0;0;0;0
0;0;0;0;0;0;M270;M256;M243;M231;M218;M203;0;0;0;0;0;0;0;0
0;0;0;0;0;0;M269;M255;M242;M230;M217;M202;0;0;0;0;0;0;0;0
0;0;0;0;0;0;M268;M254;M241;M229;M216;M201;0;0;0;0;0;0;0;0
0;0;0;0;0;0;M267;M253;M240;M228;M215;M200;0;0;0;0;0;0;0;0
0;0;0;0;0;0;M266;M252;M239;M227;M214;M199;0;0;0;0;0;0;0;0
0;0;0;0;0;0;M265;M251;M238;M226;M213;M198;0;0;0;0;0;0;0;0
0;0;0;0;0;0;M264;M250;0;M225;M212;M197;0;0;0;0;0;0;0;0
0;0;0;0;0;0;M263;M249;0;0;M211;M196;0;0;0;0;0;0;0;0
0;0;0;0;0;0;M262;0;M237;M224;M210;M195;0;0;0;0;0;0;0;0
0;0;0;0;0;0;M261;M248;M236;M223;M209;M194;0;0;0;0;0;0;0;0
0;0;M192;M191;M188;M183;M275;M247;M235;M222;M208;M193;0;0;0;0;0;0;0;0
0;0;0;M190;M187;M182;0;0;0;0;0;0;0;0;0;0;0;0;0;0
0;0;0;0;M186;M181;0;0;0;0;0;0;0;0;0;0;0;0;0;0
0;0;0;M189;M185;M180;0;0;0;0;0;0;0;0;0;0;0;0;0;0
0;0;0;0;M184;M179;0;0;0;0;0;0;0;0;0;0;0;0;0;0
0;0;0;0;M164;M158;0;0;0;M140;0;M82;0;M77;M72;M67;M62;M57;M53;0
0;0;M174;M169;M163;M157;0;M149;M144;M139;0;M81;0;M76;M71;M66;M61;M56;M52;0
0;M178;M173;M168;M162;M156;0;M148;M143;0;M137;M80;0;M75;M70;M65;M60;M55;M51;0
0;M177;M172;M167;M161;M155;M152;M147;M142;0;M136;M79;0;M74;M69;M64;M59;M83;M50;0
0;M176;M171;M166;M160;M154;M151;CHECK145146;M141;M138;M135;M78;0;M73;M68;M63;M58;M54;M49;0
0;M175;M170;M165;M159;M153;M134;M125;M115;M105;M95;M48;M42;M36;M30;M24;M18;M12;M6;0
0;0;0;0;0;0;M133;M124;M114;M104;M94;M47;M41;M35;M29;M23;M17;M11;M5;0
0;0;0;0;0;0;M132;M123;M113;M103;M93;M46;M40;M34;M28;M22;M16;M10;M4;0
0;0;0;0;0;0;M131;M122;M112;M102;M92;M45;M39;M33;M27;M21;M15;M9;M3;0
0;0;0;0;0;0;M130;M121;M111;M101;M91;M44;M38;M32;M26;M20;M14;M8;M2;0
0;0;0;0;0;0;0;M120;M110;M100;0;CHECKM4388;M37;M31;M25;M19;M13;M7;M1;0
0;0;0;0;0;0;M129;M119;M109;M99;M90;M87;0;0;0;0;0;0;0;0
0;0;0;0;0;0;M128;M118;M108;M98;M89;M86;0;0;0;0;0;0;0;0
0;0;0;0;0;0;M127;M117;M107;M97;0;M84;0;0;0;0;0;0;0;0
0;0;0;0;0;0;M126;M116;M106;M96;0;M85;0;0;0;0;0;0;0;0